{
  "n": 25000,
  "event": 43,
  "interaction": 6,
  "source": "doraemon pixel_test_00_00_02 run_0027575715 file 0000",
  "tiltDeg": 18.0,
  "driftNorm": 1.2731735536874484,
  "pyMin": -0.5468050368825259,
  "pyMax": 0.5979247259037955,
  "dMaxMm": 2159.0736328125,
  "nSlots": 8
}